0	0:00.00	今日の謎	mx0-n-waves	スマホが使う電波、電子レンジが使うマイクロ波、目に見える光。真空中では、どれも秒速三十万キロという同じ速さで進みます。
1	0:10.97	今日の謎	mx0-n-maxwell	百五十年以上前、マクスウェルは、光の速さの測定とは別の、電気と磁気の測定から、この速さにほぼ一致する値を計算で導きました。
2	0:21.57	今日の謎	mx0-n-evidence	使ったのは、電磁気の法則と、電気と磁気を表す二つの定数です。定数は、電荷どうしが押し合う力と、電流のまわりにできる磁場を測って決めます。
3	0:33.07	今日の謎	mx0-n-mystery	光とは関係なさそうな、この電気と磁気の測定から、なぜ光の速さが出てくるのでしょう。これが、今日の謎です。
4	0:42.94	今日の謎	mx0-n-si	一つ補足すると、今の単位の決まりでは、光の速さは、測る値ではなく、決めた値です。だからこの動画は、光の速さを測り直す話ではなく、法則から、なぜこの速さが出てくるのかを追います。
5	0:58.45	今日の謎	mx0-n-four	答えは、マクスウェル方程式と呼ばれる、この四つの式の中にあります。今は、一つも読めなくて構いません。
6	1:07.69	今日の謎	mx0-n-road	高校の静電気から出発して、一つずつ、この式にたどり着きます。
7	1:13.25	今日の謎	mx0-n-kinds	途中には、二種類のものが出てきます。実験を出発点にする法則と、そこから計算で導く結果です。
8	1:21.24	今日の謎	mx0-n-goal	光の速さは、法則を組み合わせて計算で導く、結果の方です。最後に、その計算を、一段ずつ追います。
9	1:32.60	第1章 電気の力	mx1-n-hair	下敷きで髪をこすってから、ゆっくり持ち上げます。すると、髪が下敷きに引き寄せられて、立ち上がります。
10	1:41.00	第1章 電気の力	mx1-n-before	こする前の髪にも下敷きにも、プラスの電荷と、マイナスの電荷を持つ電子が、同じ量ずつあります。だから最初は、つり合っていて帯電していません。
11	1:51.65	第1章 電気の力	mx1-n-transfer	こすると、この例では、髪から下敷きへ電子が移ります。どちらへ移るかは、こすり合わせる物の組み合わせで変わります。
12	2:00.28	第1章 電気の力	mx1-n-balance	電荷は新しく生まれず、偏っただけです。電子が増えた下敷きはマイナスに、電子が少なくなった髪は、もとからあるプラスが余って、プラスに帯電します。
13	2:11.44	第1章 電気の力	mx1-n-attract	だから、髪は下敷きに引き寄せられました。違う種類の電荷は引き合い、同じ種類は押し合います。
14	2:19.28	第1章 電気の力	mx1-n-current	電荷が流れると、電流になります。電流の向きは、プラスの電荷が動く向き、と決めています。
15	2:25.35	第1章 電気の力	mx1-n-electron	ところが、電線の中で実際に動くのは、マイナスの電子です。電子は、電流の向きとは逆の、左へ動いています。
16	2:34.48	第1章 電気の力	mx1-n-section	電線の途中に断面を決めて、通った電荷を数えます。マイナスが一つ左へ通っても、プラスが一つ右へ通っても、右側の電荷は、同じだけプラスの方へ変わります。
17	2:46.84	第1章 電気の力	mx1-n-same	だから電流としては、どちらも右向きの、同じ電流です。動いている粒が同じ、という意味ではありません。
18	2:55.43	第1章 電気の力	mx1-n-question	では、電荷どうしの力の強さは、何で決まるのでしょう。小さな二つのプラスの電荷を止めて置き、電荷の量と距離を、一つずつ変えて調べます。
19	3:05.18	第1章 電気の力	mx1-n-double	相手と距離はそのままで、左の電荷の量だけを二倍にします。すると、力も二倍になります。
20	3:12.55	第1章 電気の力	mx1-n-predict	では、相手の電荷も二倍にしたら、力は何倍になるでしょう。
21	3:20.55	第1章 電気の力	mx1-n-both	こちらで二倍、相手でさらに二倍。両方なら、二かける二で、四倍です。
22	3:27.55	第1章 電気の力	mx1-n-distance	今度は電荷を元に戻し、距離だけを二倍、三倍にします。力は、四分の一、九分の一になります。
23	3:36.01	第1章 電気の力	mx1-n-inverse	力は、二倍なら二の二乗の四で、三倍なら三の二乗の九で割られます。これを、距離の二乗に反比例する、といいます。
24	3:45.37	第1章 電気の力	mx1-n-law	二倍や三倍は、代表の例です。多くの精密な実験で、どんな量や距離でも、力は q かける Q を r の二乗で割った量に比例する、と確かめられています。
25	3:57.42	第1章 電気の力	mx1-n-coulomb	これが、実験を出発点にする法則、クーロンの法則です。q と Q を掛けて r の二乗で割り、比例の倍率 k を掛けたものが、力 F です。
26	4:09.72	第1章 電気の力	mx1-n-sign	ここまでは、プラスどうしで調べました。マイナスを含むときは、符号を除いた電荷の大きさで力の強さを求め、向きは、押し合うか引き合うかで決めます。
27	4:20.93	第1章 電気の力	mx1-n-model	この式が表すのは、大きさを無視できる電荷が、止まって真空中にあるときの力です。髪と下敷きのような大きな物は、小さな部分に分けて考え、その足し方は次の章で扱います。
28	4:34.43	第1章 電気の力	mx1-n-k	k は、グラフの傾きにあたる比例の倍率です。電荷の量や距離を変えても同じ値なので、一度測れば、どの場合にも使えます。
29	4:44.21	第1章 電気の力	mx1-n-kunit	力をニュートン、距離をメートル、電荷をクーロンで測ると、k は、力かける距離の二乗を電荷の積で割って求まり、約九かける十の九乗です。
30	4:55.00	第1章 電気の力	mx1-n-eps	大学では、同じ情報を、イプシロンゼロという定数で表します。測った k から、イプシロンゼロは四パイ k 分の一と計算でき、約八点八五かける十のマイナス十二乗です。
31	5:08.16	第1章 電気の力	mx1-n-fourpi	新しい法則ではなく、同じ k の書き方を変えただけです。こう書くと、後で出てくる球の面積、四パイ r 二乗と、きれいに約分できます。
32	5:19.19	第1章 電気の力	mx1-n-card	このイプシロンゼロが、冒頭の一つ目の定数で、電荷どうしの力の実験から決まります。光の速さの計算に使う、一つ目の手がかりです。
33	5:30.82	第1章 電気の力	mx1-n-gap	でも、ここで一つ、疑問が残ります。離れた二つの電荷は、間に何もないのに、どうやって相手を押すのでしょう。
34	5:41.79	第2章 電場と、一つ目の式	mx2-n-ask	離れた電荷は、間に何もないのに、どうやって押すのか。見えないものは、小さなプラスの電荷を置いて、調べてみます。
35	5:50.40	第2章 電場と、一つ目の式	mx2-n-probe	この調べるための電荷を、試験電荷と呼びます。右に置くと右へ、左に置くと左へ、遠くでは弱く押されます。
36	5:57.93	第2章 電場と、一つ目の式	mx2-n-small	試験電荷を小さくするのは、調べたい元の電荷を、その力で動かさないためです。大きな電荷を置くと、元の配置が変わってしまいます。
37	6:07.57	第2章 電場と、一つ目の式	mx2-n-unit	電荷の量は、クーロン、記号 C で測ります。場所ごとの力を、試験電荷一クーロンあたりに直して描いた地図が、電場です。
38	6:16.51	第2章 電場と、一つ目の式	mx2-n-per	例えば、ある場所で、2 C の電荷に 6 N の力が働いたとします。1 C あたりに直すと、6 割る 2 で、3 N です。
39	6:26.56	第2章 電場と、一つ目の式	mx2-n-per:sign	これを式で書くと、E＝F÷q です。マイナスの電荷を置くと、q がマイナスなので、力は電場と逆向きになります。
40	6:35.66	第2章 電場と、一つ目の式	mx2-n-double	同じ場所で試験電荷を二倍にすると、力も二倍になります。でも、一クーロンあたりの力、つまり電場は、同じままです。
41	6:45.16	第2章 電場と、一つ目の式	mx2-n-place	だから電場は、試験電荷によらず、元の電荷の配置で決まる、その場所の性質です。元の電荷が動けば、その場所の電場も変わります。
42	6:54.84	第2章 電場と、一つ目の式	mx2-n-push	電荷がまわりに電場を作り、その電場が、そこに来た電荷を押す。間に何もないように見えても、電場があるのです。
43	7:03.82	第2章 電場と、一つ目の式	mx2-n-arrow	矢印の向きは、プラスの試験電荷が押される向き、長さは電場の強さです。電荷が進む道を描いたものでは、ありません。
44	7:12.83	第2章 電場と、一つ目の式	mx2-n-point	では、止まっている点電荷 Q が作る電場を、式で求めます。前の章のクーロンの法則の力を、試験電荷 q で割ります。
45	7:21.13	第2章 電場と、一つ目の式	mx2-n-point:div	q は分子と分母で消え、源の電荷 Q と距離 r だけが残ります。これが点電荷の電場で、Q がプラスなら外向きです。
46	7:30.74	第2章 電場と、一つ目の式	mx2-n-super	電荷が二つあるときは、それぞれの電荷が作る電場を、同じ地点で矢印として足します。これを、重ね合わせの原理といいます。
47	7:38.77	第2章 電場と、一つ目の式	mx2-n-super:exp	これは、クーロンの法則とは別の、実験で確かめられた原理です。この後の電気力線の図も、この足し算で描いています。
48	7:48.14	第2章 電場と、一つ目の式	mx2-n-trace	矢印の向きに少し進み、着いた所の矢印に合わせて、また少し進む。これを繰り返して引いた線が、電気力線です。
49	7:57.89	第2章 電場と、一つ目の式	mx2-n-density	さらに、線一本が表す量を決め、電場が強い所ほど線を密に描くと約束します。線が力を生むのではなく、強さを混み具合で表すのです。
50	8:08.94	第2章 電場と、一つ目の式	mx2-n-sphere	この約束で、前の章の、距離の二乗で弱くなる力を見直します。線は紙の上だけでなく前後にも広がり、球の面全体を均等につき抜けます。
51	8:18.70	第2章 電場と、一つ目の式	mx2-n-two	球の面積は、図形の公式で四パイ r 二乗。半径が二倍なら面積は四倍なので、同じ広さの窓を通る線は四分の一、電場も四分の一です。
52	8:29.62	第2章 電場と、一つ目の式	mx2-n-two:law	距離の二乗に反比例する関係は、実験で見つかったものです。それを、線が球の面に広がる様子として、理解できたのです。
53	8:39.11	第2章 電場と、一つ目の式	mx2-n-window	では、面をつき抜ける線の量を、数で表しましょう。向きも強さもそろった電場の中に、平らな窓を、電場と垂直に置きます。
54	8:47.87	第2章 電場と、一つ目の式	mx2-n-window:two	同じ窓を二枚並べれば、つき抜ける線は二倍。電場を二倍にしても二倍なので、この量は、電場の強さ×面積で表せます。
55	8:57.09	第2章 電場と、一つ目の式	mx2-n-window:def	この量を、その面の電気束と呼びます。電場そのものではなく、選んだ面について合計した量で、何かが流れ出る量でもありません。
56	9:07.02	第2章 電場と、一つ目の式	mx2-n-tilt	窓を傾けると、つき抜ける線は減ります。電場の向きから見ると、窓が細く見え、線を受ける面積が小さくなるからです。
57	9:15.70	第2章 電場と、一つ目の式	mx2-n-tilt:comp	同じことを、電場を二つに分けて見ます。面に垂直な成分だけがつき抜け、面に沿う成分はすべるだけなので、効くのは、垂直な成分×面積です。
58	9:26.67	第2章 電場と、一つ目の式	mx2-n-tilt:same	電場と、面に垂直な向きの間の角で、垂直な成分も見かけの面積も、同じ割合で小さくなります。だから、どちらで数えても同じ値です。
59	9:38.27	第2章 電場と、一つ目の式	mx2-n-pieces	次は、電荷を、袋のような想像上の閉じた面で包み、面全体の電気束を求めます。ところが面は曲がっていて、電場も場所ごとに違います。
60	9:48.07	第2章 電場と、一つ目の式	mx2-n-pieces:small	そこで面を細かく分けます。小さな一片ならほぼ平らで、その上の電場もほぼ一定なので、一片ごとには、垂直な成分×面積が使えます。
61	9:58.18	第2章 電場と、一つ目の式	mx2-n-pieces:sign	閉じた面では、外向きを正の向きと決めます。だから、電場が外へつき抜ける一片はプラス、内へつき抜ける一片はマイナスで数えます。
62	10:07.26	第2章 電場と、一つ目の式	mx2-n-pieces:sum	全部の一片で足せば、面全体の電気束の近似になります。分け方を細かくするほど近似は良くなり、その行き着く値を、積分で表します。
63	10:17.82	第2章 電場と、一つ目の式	mx2-n-box	確かめてみましょう。向きも強さもそろった電場の中に箱を置くと、箱全体の電気束は、いくつでしょう。
64	10:27.84	第2章 電場と、一つ目の式	mx2-n-box:answer	左の面は内向きでマイナス、右の面は外向きでプラス、残りの面はすべるだけでゼロ。合計は、ゼロです。
65	10:36.42	第2章 電場と、一つ目の式	mx2-n-ball	では、プラスの点電荷 Q を中心にして、半径 r の球で包みます。球の上はどこも中心から同じ距離なので、電場の強さはどこも同じです。
66	10:46.27	第2章 電場と、一つ目の式	mx2-n-ball:normal	しかも電場は中心からまっすぐ外向きで、球の面に垂直です。だから一片ごとの垂直な成分×面積は、まとめて、電場×球の面積になります。
67	10:56.77	第2章 電場と、一つ目の式	mx2-n-ball:flux	電場の強さ、四パイ イプシロンゼロ r 二乗分の Q に、面積四パイ r 二乗を掛けると、四パイも r も消えて、Q 割るイプシロンゼロ。球の大きさによらない値です。
68	11:09.28	第2章 電場と、一つ目の式	mx2-n-ball:off	ただし、これは電荷が球の中心にあるから使えた掛け算です。中心がずれたり形が違ったりすると、距離も傾きも場所ごとに変わります。
69	11:19.68	第2章 電場と、一つ目の式	mx2-n-cone	それでも電気束が同じになるかを、細い円すいで確かめます。電荷から細い円すいを伸ばし、それが面を切り取る小さな窓に注目します。
70	11:28.29	第2章 電場と、一つ目の式	mx2-n-cone:far	窓までの距離が二倍なら、電場は四分の一ですが、円すいが切り取る面積は四倍。掛けると、距離によらず同じ電気束です。
71	11:37.73	第2章 電場と、一つ目の式	mx2-n-cone:tilt	窓が傾いていると、面積は増えますが、垂直な成分がちょうど同じ割合で減ります。電場の向きから見た面積は、傾けても変わらないからです。
72	11:48.27	第2章 電場と、一つ目の式	mx2-n-cone:all	だから、円すい一本分の電気束は、面の形によらず決まります。全方向の円すいを足せば、中の点電荷一つについて、どんな閉じた面でも Q 割るイプシロンゼロです。
73	12:00.42	第2章 電場と、一つ目の式	mx2-n-cone:dent	面がへこんでいると、一本の円すいが、面を三回横切ることもあります。出る、入る、出ると符号付きで数えると、二つが打ち消し、一回出た分が残ります。
74	12:12.79	第2章 電場と、一つ目の式	mx2-n-outside	次に、面の外にある電荷を考えます。近づけると面の上の電場は変わりますが、電気束は変わるでしょうか。
75	12:22.76	第2章 電場と、一つ目の式	mx2-n-outside:cone	外の電荷から伸ばした円すいは、面に入り、同じ円すいのまま出ていきます。入る窓と出る窓の電気束は、大きさが等しく、符号が逆です。
76	12:32.43	第2章 電場と、一つ目の式	mx2-n-outside:zero	大きさが等しいのは、さっき見たとおり、距離と傾きの効き目が打ち消すからです。だから外の電荷の分は、どの円すいでも差し引きゼロです。
77	12:42.56	第2章 電場と、一つ目の式	mx2-n-outside:sum	電荷がいくつあっても、重ね合わせで電場が足し算なので、電気束も電荷ごとの足し算です。外の電荷はゼロ、中の電荷はそれぞれ、電荷割るイプシロンゼロを加えます。
78	12:54.15	第2章 電場と、一つ目の式	mx2-n-outside:net	中にプラスとマイナスがあれば、符号をつけて足します。合計がゼロなら電気束はゼロですが、箱の例のように、面の上の電場がゼロとは限りません。
79	13:05.04	第2章 電場と、一つ目の式	mx2-n-gauss	閉じた面の電気束は、中の電荷の合計をイプシロンゼロで割ったものに等しい。これが一つ目の式、ガウスの法則です。
80	13:13.86	第2章 電場と、一つ目の式	mx2-n-gauss:scope	ここでは、止まった電荷について、クーロンの法則と重ね合わせから導きました。電荷が動いていても成り立つことは、実験で確かめられています。
81	13:24.08	第2章 電場と、一つ目の式	mx2-n-gauss:vec	式の dA は、細かく分けた一片の面積に、外向きの向きを付けた矢印です。この矢印は、動きや力ではなく、面の向きの目印です。
82	13:33.93	第2章 電場と、一つ目の式	mx2-n-gauss:dot	点は、電場のその矢印の方向の成分と、面積を掛ける印です。つまり、垂直な成分×面積で、外向きならプラスです。
83	13:43.23	第2章 電場と、一つ目の式	mx2-n-gauss:ring	丸の付いた積分記号は、閉じたもの全体で足す印です。dA なら閉じた面で、後の章に出る dr なら、閉じた道を一周して足します。
84	13:53.35	第2章 電場と、一つ目の式	mx2-n-gauss:read	読めなかった式は、線の数え方だったのです。
85	13:58.46	第2章 電場と、一つ目の式	mx2-to-magnet	電気力線には、プラスという出発点と、マイナスという終点がありました。では、磁石の線は、どうなっているでしょう。
86	14:09.61	第3章 磁石と、二つ目の式	mx3-n-sand	棒磁石の上に紙を置き、砂鉄をまきます。すると、N極と S極を結ぶ模様が、浮かび上がります。
87	14:17.62	第3章 磁石と、二つ目の式	mx3-n-compass	模様だけでは、どちら向きかが分かりません。そこで小さな方位磁針を並べ、針の N極が指す向きを、矢印にします。
88	14:25.52	第3章 磁石と、二つ目の式	mx3-n-lines	矢印をたどってつなぐと、N極から出て S極に入る線になります。これが磁力線で、電気力線とよく似ています。
89	14:34.12	第3章 磁石と、二つ目の式	mx3-n-measure	方位磁針で分かるのは、向きだけです。強さは、磁場と直角に置いた電線に電流を流し、電線が受ける力で測ります。
90	14:42.34	第3章 磁石と、二つ目の式	mx3-n-tesla	力は電流にも長さにも比例するので、電場と同じく、電流 1 A、長さ 1 m あたりの力を、磁場の強さ B とします。単位はテスラ、記号 T です。
91	14:54.75	第3章 磁石と、二つ目の式	mx3-n-predict	電気には、プラスだけの電荷がありました。では、磁石を真ん中で切ったら、右半分は N極だけの磁石になるでしょうか。
92	15:06.27	第3章 磁石と、二つ目の式	mx3-n-cut	ところが、切った断面に、新しい N極と S極が現れます。何回切っても、N極だけの磁石はできません。
93	15:15.89	第3章 磁石と、二つ目の式	mx3-n-loops	この観測に合うように、この棒磁石の磁力線は、磁石の中を S極から N極へ戻る、閉じた輪として描きます。線には、出発点も終点もありません。
94	15:27.13	第3章 磁石と、二つ目の式	mx3-n-premise	ただし、磁石を切る実験は、どんな場合にも成り立つ、という証明ではありません。土台にするのは、N極だけや S極だけの粒が、どんな実験でも見つかっていない、という事実です。
95	15:40.50	第3章 磁石と、二つ目の式	mx3-n-bag	第2章の電気束と同じ作りで、磁束を考えます。選んだ面を、垂直につき抜ける磁場 × 面積を、その面全体で合計した量です。
96	15:49.63	第3章 磁石と、二つ目の式	mx3-n-open	面は、袋のような閉じた面でも、輪に張った膜のような開いた面でも選べます。開いた面では、線が一方へつき抜けるだけなので、磁束はゼロとは限りません。
97	16:01.52	第3章 磁石と、二つ目の式	mx3-n-count	線の本数で磁束を数えるため、電気力線と同じく、線1本が決まった量の磁束を表す、と約束します。この図は、その約束で描いた見取り図です。
98	16:12.92	第3章 磁石と、二つ目の式	mx3-n-one	1本の線に注目します。第2章と同じく外向きをプラスとし、出る所はプラス1、入る所はマイナス1と、矢印ではなく、符号付きの数で数えます。
99	16:23.66	第3章 磁石と、二つ目の式	mx3-n-pair	この線は輪なので、袋に入れば、必ずどこかで出ていきます。プラス1とマイナス1が対になり、足すとゼロです。
100	16:32.39	第3章 磁石と、二つ目の式	mx3-n-any	この磁石の図では、袋の形や場所を変えても、入った線は必ずどこかで出ていきます。だから、出る磁束と入る磁束の差は、ゼロのままです。
101	16:43.66	第3章 磁石と、二つ目の式	mx3-n-gauss	N極だけや S極だけの粒がない、という事実を、どんな閉じた面でも磁束の合計はゼロ、と法則にしたもの。これが二つ目の式、磁場のガウスの法則です。
102	16:55.65	第3章 磁石と、二つ目の式	mx3-n-law	面の上に磁場はあり、ゼロになるのは、閉じた面を出る磁束と入る磁束の差だけです。
103	17:03.65	第3章 磁石と、二つ目の式	mx3-n-to-oersted	ここまで、電気と磁気は、似ているけれど、別々の世界に見えます。ところが千八百二十年、ある授業の最中に、思いがけないことが起きました。
104	17:16.09	第4章 電流は、磁場を作る	mx4-n-oersted	電線に電流を流すと、そばの方位磁針の針が、くるりと向きを変えたのです。デンマークの、エルステッドの発見です。
105	17:23.74	第4章 電流は、磁場を作る	mx4-n-same	方位磁針は、磁石の磁場を調べたのと同じ道具です。つまり、電流のまわりにも磁場があり、電気と磁気はつながっていたのです。
106	17:33.69	第4章 電流は、磁場を作る	mx4-n-ring	方位磁針を、電線のまわりに並べてみます。針は、電線を囲む円に沿って、ぐるりとそろいます。
107	17:41.49	第4章 電流は、磁場を作る	mx4-n-reverse	向きは、観測で決まります。上から見ると、上向きの電流では反時計回り、電流を逆にすると、時計回りに針がそろいます。
108	17:51.35	第4章 電流は、磁場を作る	mx4-n-hand	この向きを覚える目印が、右手です。親指を電流の向きに立てて電線を握ると、4本の指が巻く向きが、磁場の向きです。
109	18:01.48	第4章 電流は、磁場を作る	mx4-n-formula	電線のまわりの B を、第3章の方法、電線が受ける力で測ります。すると B は、電流 I に比例し、電線からの距離 r に反比例します。
110	18:12.20	第4章 電流は、磁場を作る	mx4-n-start	この測定をまとめた式が、B イコール、ミューゼロ I 割る 二パイ r です。この章では、これを実験で確かめられた出発点にします。
111	18:21.74	第4章 電流は、磁場を作る	mx4-n-cond	ただしこれは、十分に長くまっすぐな電線に、一定の電流が流れ、まわりが真空のときの式です。
112	18:29.61	第4章 電流は、磁場を作る	mx4-n-mu	このミューゼロが、光の速さの計算に使う、二つ目の数です。最初に見た、電流のまわりの磁場を測る実験で決まります。
113	18:39.75	第4章 電流は、磁場を作る	mx4-n-motive	しかし B は、離れるほど弱く、測る場所で値が変わります。そこで、場所によらず、電流 I だけで決まる量を作れないか、試してみます。
114	18:50.38	第4章 電流は、磁場を作る	mx4-n-walk	ためしに、電線を囲む円を、ぐるりと一周歩きます。一歩ごとに、道に沿った磁場の成分と一歩の長さを掛けて、足していきます。
115	19:00.08	第4章 電流は、磁場を作る	mx4-n-comp	道に沿った成分とは、磁場の矢印のうち、進む向きに沿う部分です。進む向きと同じならプラス、直角ならゼロ、逆向きならマイナスです。
116	19:10.38	第4章 電流は、磁場を作る	mx4-n-oblique	斜めのときは、第2章の傾けた窓と同じく、進む向きの成分だけを使います。道と直角な部分は、足しません。
117	19:19.85	第4章 電流は、磁場を作る	mx4-n-notvec	足すのは、矢印そのものではありません。矢印なら向かい側と打ち消しますが、沿う成分と長さの積は、どの一歩もプラスです。
118	19:29.71	第4章 電流は、磁場を作る	mx4-n-fine	円の道は曲がっているので、一歩を短く分けます。短い一歩ならほぼまっすぐで磁場もほぼ一定なので、細かく分けるほど、合計は一つの値に近づきます。
119	19:40.82	第4章 電流は、磁場を作る	mx4-n-sum	この値を、一周の足し算と呼びます。この円では、磁場はどこも道と同じ向きで強さも同じなので、一周の足し算は、磁場 × 一周の長さ 二パイ r です。
120	19:52.59	第4章 電流は、磁場を作る	mx4-n-pi	補足です。円周率パイは、円周を直径で割った数と決めたものなので、直径 二r の円の一周は、パイ × 二r、つまり 二パイ r です。
121	20:03.15	第4章 電流は、磁場を作る	mx4-n-cancel	では、出発点の式を使います。B に、ミューゼロ I 割る 二パイ r を入れると、二パイ r が約分で消えて、ミューゼロ I が残ります。
122	20:13.90	第4章 電流は、磁場を作る	mx4-n-meaning	二パイ r が消えたのは、遠い円ほど磁場は弱く、そのぶん道が長いからです。だから、円の大きさを変えても、答えは囲んだ電流だけで決まります。
123	20:25.71	第4章 電流は、磁場を作る	mx4-n-check	では確認です。同じ円を、逆回りに一周したら、一周の足し算は、どうなるでしょう。
124	20:35.53	第4章 電流は、磁場を作る	mx4-n-zero	逆回りでは、どの一歩も磁場と逆向きなので、成分はマイナスです。答えは、マイナス ミューゼロ I になります。
125	20:44.42	第4章 電流は、磁場を作る	mx4-n-bent	では、円ではない、ゆがんだ道でも試します。電線から真っすぐ遠ざかる所は、磁場と直角なので、ゼロです。
126	20:53.43	第4章 電流は、磁場を作る	mx4-n-arc	補足です。弧の長さは、一周の長さ 二パイ r を中心角の割合で分けた分で、4分の3周の弧なら、二パイ r の4分の3です。
127	21:03.62	第4章 電流は、磁場を作る	mx4-n-bentsum	どちらの弧でも、B は半径に反比例し、弧の長さは半径に比例するので、半径が消えます。残るのは角度の割合、4分の3と4分の1で、合わせてミューゼロ I です。
128	21:17.29	第4章 電流は、磁場を作る	mx4-n-split	では、どんな形の道でも同じでしょうか。上から見ると、どんな短い一歩も、電線のまわりを回る部分と、電線との距離が変わる部分に分けられます。
129	21:28.12	第4章 電流は、磁場を作る	mx4-n-anyloop	距離が変わる部分はゼロ、回る部分は、回った角度の割合だけ効きます。電線を一周囲む道なら、角度は合わせて一周分なので、答えはいつもミューゼロ I です。
130	21:40.39	第4章 電流は、磁場を作る	mx4-n-outside	電線を囲まない道では、行きに回った角度を、帰りに戻すので、合計はゼロです。だから効くのは、道が囲んだ電流だけです。
131	21:50.87	第4章 電流は、磁場を作る	mx4-n-sign	ここで、囲んだ電流の符号を決めます。道を回る向きに右手の4本の指を合わせ、親指の向きに流れる電流をプラス、逆向きをマイナスと数えます。
132	22:01.76	第4章 電流は、磁場を作る	mx4-n-opposite	電線が何本もあるときは、それぞれの磁場を重ね合わせるので、一周の足し算も、電線ごとの足し合わせです。上向き 3 A と下向き 1 A を囲めば、囲んだ電流は、差の 2 A です。
133	22:15.61	第4章 電流は、磁場を作る	mx4-n-scope	ここまで確かめたのは、まっすぐな電線の電流についてです。曲がった電線など、どんな一定の電流でも同じ関係が成り立つことは、実験に支えられた法則として採用します。
134	22:28.31	第4章 電流は、磁場を作る	mx4-n-law	つまり、一定の電流なら、どんな閉じた道でも、一周の足し算は、囲んだ電流のミューゼロ倍です。これがアンペールの法則で、四つ目の式の前半です。
135	22:41.28	第4章 電流は、磁場を作る	mx4-n-steady	ここで言う一定の電流とは、電荷がどこにもたまらず、電荷の分布が変わらない流れです。電荷がたまっていく場面は、第6章で調べます。
136	22:52.26	第4章 電流は、磁場を作る	mx4-n-to-faraday	電流が、磁場を作る。それなら逆に、磁場から、電流を作ることはできないでしょうか。
137	23:01.41	第5章 磁場の変化は、電場を作る	mx5-n-circuit	磁場から、電流は作れるのか。1831年、ファラデーは、電線を巻いたコイルを電流計につなぎ、ひと続きの輪にしました。
138	23:10.08	第5章 磁場の変化は、電場を作る	mx5-n-still	針は、電流がなければ真ん中の0、向きが逆なら反対側に振れます。そこでコイルのそばに磁石を置きましたが、針は0のままでした。
139	23:18.98	第5章 磁場の変化は、電場を作る	mx5-n-move	ところが、磁石を入れる瞬間だけ、針が右へ振れました。抜くときは、今度は左へ振れます。
140	23:25.35	第5章 磁場の変化は、電場を作る	mx5-n-predict-stop	では、磁石をコイルの中に入れたまま、止めたら、針はどうなるでしょう。
141	23:33.38	第5章 磁場の変化は、電場を作る	mx5-n-stopped	針は、0に戻ります。磁石が中にあっても、止まっていれば電流は流れません。
142	23:39.91	第5章 磁場の変化は、電場を作る	mx5-n-flux	コイルは固定したまま、磁石だけを動かしました。効いているのは、磁場の強さではなく、コイルの面をつき抜ける磁束が変わることです。
143	23:48.36	第5章 磁場の変化は、電場を作る	mx5-n-fluxdef	磁束は、第3章と同じく、面を細かく分け、面に垂直な磁場の成分 × 小さな面積を、全体で合計した量です。単位はウェーバで、Wb と書きます。
144	23:59.62	第5章 磁場の変化は、電場を作る	mx5-n-model	図の線は、1本が同じ量の磁束を受け持つ、と約束した目印です。だから、面をつき抜ける本数で、磁束の大きさを比べられます。
145	24:08.90	第5章 磁場の変化は、電場を作る	mx5-n-surface	補足：縁が同じ輪なら、膜をどうふくらませても、磁束は同じです。二つの膜を合わせた閉じた袋では、第3章のとおり、出る磁束と入る磁束の差がゼロだからです。
146	24:21.37	第5章 磁場の変化は、電場を作る	mx5-n-tilt	同じ磁場の中でも、輪を傾けると、面に垂直な成分が減って磁束は減り、輪を広げると増えます。
147	24:28.38	第5章 磁場の変化は、電場を作る	mx5-n-moving	補足：輪そのものを動かしても、針は振れます。ただしそのときは、電線と一緒に動く電荷が磁場から受ける力も加わるので、この章では、輪を固定した場合だけを考えます。
148	24:41.38	第5章 磁場の変化は、電場を作る	mx5-n-speed	磁束が同じ10本分増えるのでも、ゆっくり入れると針は小さく、速く入れると大きく振れます。
149	24:47.42	第5章 磁場の変化は、電場を作る	mx5-n-meter	電流計が測るのは、電流です。同じ回路のままなら、電荷を押し回す働きが強いほど電流も大きいので、振れの大きさで比べられます。
150	24:57.59	第5章 磁場の変化は、電場を作る	mx5-n-rate	決め手は、1秒あたりの磁束の増え方、つまり変化の速さです。10本増えるのに5秒なら1秒あたり2本、1秒なら10本です。
151	25:07.29	第5章 磁場の変化は、電場を作る	mx5-n-check	記号では、デルタ ファイ 割る デルタ t です。では、3秒で6本増えたら、1秒あたり何本でしょう。
152	25:17.20	第5章 磁場の変化は、電場を作る	mx5-n-average	答えは2本です。ただしこれは、3秒の区間をならした値で、区間の平均の変化の速さです。
153	25:23.71	第5章 磁場の変化は、電場を作る	mx5-n-graph	増え方が途中で変わる場合を、グラフで見ます。横に時間の差 Δt、縦に磁束の差 ΔΦ をとります。
154	25:30.87	第5章 磁場の変化は、電場を作る	mx5-n-secant	ΔΦ を Δt で割ると、2点を結ぶ直線の傾きになります。これが、この区間の平均の変化の速さです。
155	25:38.48	第5章 磁場の変化は、電場を作る	mx5-n-shrink	区間を短くしていくと、直線の傾きは、ある一つの値に近づきます。0で割ることはできないので、Δt を0にするのではなく、近づく先の値を使います。
156	25:49.44	第5章 磁場の変化は、電場を作る	mx5-n-instant	この近づく先の値が、その瞬間の変化の速さで、d ファイ d t と書きます。グラフでは、その点での接線の傾きです。
157	25:59.26	第5章 磁場の変化は、電場を作る	mx5-n-why-e	では、固定したコイルで、止まっていた電荷を動かしたのは何でしょう。止まった電荷に力を及ぼすのは、第2章の電場です。
158	26:07.25	第5章 磁場の変化は、電場を作る	mx5-n-loop	だから、電線に沿って、ぐるりと回る電場が生まれている、と考えます。ここからは一巻きの輪で、この電場が電荷にする仕事を数えます。
159	26:16.18	第5章 磁場の変化は、電場を作る	mx5-n-work	電荷 q が受ける力は、q かける E です。短い一歩進む間の仕事は、道に沿う力の成分 × 一歩の長さです。
160	26:24.12	第5章 磁場の変化は、電場を作る	mx5-n-per1c	これを q で割ると、1 C あたりの仕事です。電荷の大きさによらない、道に沿う電場の成分 × 一歩の長さが残ります。
161	26:32.30	第5章 磁場の変化は、電場を作る	mx5-n-emf	この1 C あたりの仕事を、輪に沿って一周足したもの、つまり 1 C を一周運ぶ仕事が、起電力です。式では、第4章と同じ、電場の一周の足し算です。
162	26:43.47	第5章 磁場の変化は、電場を作る	mx5-n-unit	単位は、ジュール 割る クーロンで、これをボルトと呼びます。さっきの、電荷を押し回す働きの強さは、この起電力でした。
163	26:52.41	第5章 磁場の変化は、電場を作る	mx5-n-notpd	電位差は、二点の間の高さの差のようなもので、一周して同じ点に戻れば、差はゼロです。一周しても仕事が残る起電力は、同じボルトでも、電位差とは別の量です。
164	27:03.94	第5章 磁場の変化は、電場を作る	mx5-n-ohm	電流は、この起電力に押されて流れた結果です。抵抗が主な簡単な回路なら、電流は起電力を抵抗で割った値なので、起電力が大きいほど大きくなります。
165	27:15.99	第5章 磁場の変化は、電場を作る	mx5-n-law	実験で分かったのは、固定した輪の起電力が、磁束の変化の速さにマイナスを付けたものになる、ということです。これがファラデーの電磁誘導の法則で、実験で確かめられた出発点です。
166	27:27.85	第5章 磁場の変化は、電場を作る	mx5-n-avg	Δt で割ったものは、その区間の平均の起電力です。区間を短くした先が、その瞬間の起電力で、一定の速さで変わるときだけ、二つは一致します。
167	27:38.38	第5章 磁場の変化は、電場を作る	mx5-n-nturn	N回巻いたコイルでは、道が輪を N回まわるので、一巻きごとの起電力が足されます。どの巻きも同じ磁束なら、起電力は N倍です。
168	27:48.96	第5章 磁場の変化は、電場を作る	mx5-n-sign	マイナスの意味は、向きの約束から決まります。輪を回る正の向きを決めると、第4章の右手の約束で、膜をつき抜ける磁束の正の向きも決まります。
169	27:58.61	第5章 磁場の変化は、電場を作る	mx5-n-sign-up	磁束が正の向きに増えると、起電力はマイナスで、電荷を正の向きと逆に回します。その電流が作る磁場は、磁束の増加を打ち消す向きです。
170	28:08.00	第5章 磁場の変化は、電場を作る	mx5-n-lenz	磁束が減るときは逆に、減った分を補う向きです。いつも元の磁場と逆なのではなく、変化を妨げる向き、これがレンツの法則です。
171	28:17.74	第5章 磁場の変化は、電場を作る	mx5-n-lenz-in	近づくN極の場合、流れた電流で、コイルの磁石側の端がN極になります。N極どうしが向かい合うので、磁石は押し返されます。
172	28:26.64	第5章 磁場の変化は、電場を作る	mx5-n-lenz-out	遠ざかるN極では、電流が逆向きになり、磁石側の端はS極になります。だから、磁石は引き戻されます。
173	28:35.95	第5章 磁場の変化は、電場を作る	mx5-n-pipe	銅のパイプに、強い磁石を落としてみます。銅は磁石にくっつかないのに、磁石はふわりと、ゆっくり落ちていきます。
174	28:45.03	第5章 磁場の変化は、電場を作る	mx5-n-pipe-cond	銅は磁石ではありませんが、電気をよく通す導体です。パイプの壁には、ぐるりと回る電流の道が、上から下までつながっています。
175	28:53.72	第5章 磁場の変化は、電場を作る	mx5-n-pipe-why	壁を輪の積み重ねとして模式的に描くと、下の輪は近づく磁石を押し返し、上の輪は遠ざかる磁石を引き戻します。どちらも、上向きの力です。
176	29:03.52	第5章 磁場の変化は、電場を作る	mx5-n-pipe-energy	ゆっくり落ちる間も、重力の位置エネルギーは減っています。減った分は、磁石の速さにはならず、パイプを流れる電流が生む熱になります。
177	29:13.82	第5章 磁場の変化は、電場を作る	mx5-n-predict-wire	では、電線を取り去って、磁石だけを動かしたら、何か残るでしょうか。
178	29:22.04	第5章 磁場の変化は、電場を作る	mx5-n-efield	電線がなくても、変わる磁場のまわりには、ぐるりと回る電場があります。磁場が変わる所の外側にもあり、小さなプラスの電荷を置くと、力を受けます。
179	29:32.07	第5章 磁場の変化は、電場を作る	mx5-n-aha	電線は、この電場を、電流として知らせる役でした。電線にたまる電荷も電場を作りますが、その電場の一周の足し算はゼロなので、起電力は変わりません。
180	29:43.38	第5章 磁場の変化は、電場を作る	mx5-n-general	そこで、電線のない、空間に固定した道でも、同じ関係が成り立つと考えます。この広げ方が正しいことは、のちに電磁波の実験で確かめられます。
181	29:53.60	第5章 磁場の変化は、電場を作る	mx5-n-faraday	固定した道に沿って電場を一周足すと、その道に張った膜をつき抜ける磁束の、変化の速さにマイナスを付けたものになる。これが三つ目の式、ファラデーの法則です。
182	30:06.13	第5章 磁場の変化は、電場を作る	mx5-n-end	磁場の変化が、電場を作る。では逆に、電場の変化は、磁場を作らないのでしょうか。
183	30:15.40	第6章 マクスウェルが見つけた、足りない一つ	mx6-n-plates	手がかりは、とても簡単な回路にありました。二枚の金属の板を、すき間をあけて向かい合わせ、電源につなぎます。
184	30:22.88	第6章 マクスウェルが見つけた、足りない一つ	mx6-n-electrons	この装置を、コンデンサと呼びます。電源は、右の板へ電子を送り込み、左の板から電子を引き抜きます。
185	30:30.22	第6章 マクスウェルが見つけた、足りない一つ	mx6-n-charge	だから、右の板はマイナス、左の板はプラスに帯電します。電線には電流が流れますが、電荷はすき間を渡らず、板にたまるだけです。
186	30:39.39	第6章 マクスウェルが見つけた、足りない一つ	mx6-n-push	ただし、電流はいつまでも流れ続けるわけではありません。電源が電荷を送り込もうとしても、板にたまった電荷が、次に来る電荷を押し返すからです。
187	30:48.83	第6章 マクスウェルが見つけた、足りない一つ	mx6-n-stop	たまるほど、板の間の電圧が電源の電圧に近づき、電流は小さくなって、やがてほとんど流れなくなります。板が満杯になるのではなく、電源の電圧を上げれば、さらにたまります。
188	31:01.81	第6章 マクスウェルが見つけた、足りない一つ	mx6-n-loop	電流が流れている途中の、ある一瞬で、アンペールの法則を使います。電線を囲む輪を描き、輪に沿って磁場を一周足したものが、左辺です。
189	31:11.43	第6章 マクスウェルが見つけた、足りない一つ	mx6-n-membrane	右辺は、輪に張った膜を正の向きにつき抜ける電流の、ミューゼロ倍です。ガウスの法則の閉じた袋とちがい、この膜は、縁が輪に留められています。
190	31:21.12	第6章 マクスウェルが見つけた、足りない一つ	mx6-n-expect	膜は、縁さえ輪に留めれば、どうふくらませても構いません。左辺は輪だけで決まるので、どの膜でも、右辺は同じ答えになるはずです。
191	31:31.12	第6章 マクスウェルが見つけた、足りない一つ	mx6-n-predict	では、輪も時刻も、実際の磁場もそのままで、数えるための膜だけを大きくふくらませ、すき間を通したら、右辺はどうなるでしょう。
192	31:43.49	第6章 マクスウェルが見つけた、足りない一つ	mx6-n-zero	すき間には電流が流れていないので、膜をつき抜ける電流はありません。右辺は、ゼロです。
193	31:49.24	第6章 マクスウェルが見つけた、足りない一つ	mx6-n-paradox	同じ輪なので左辺は同じなのに、右辺は、平らな膜ではミューゼロ I、すき間の膜ではゼロ。同じ問題で、答えが食い違ってしまいました。
194	32:00.62	第6章 マクスウェルが見つけた、足りない一つ	mx6-n-steady	アンペールの法則が、まちがっていたのでしょうか。第4章で確かめたのは、一定の電流、つまり電荷がどこにもたまらない流れでした。
195	32:09.77	第6章 マクスウェルが見つけた、足りない一つ	mx6-n-broken	ところが今は、電流が板に電荷をためていて、その条件が外れています。論理が壊れたのではなく、確かめた範囲の外で、法則を使ったのです。
196	32:20.68	第6章 マクスウェルが見つけた、足りない一つ	mx6-n-sheet	たまった電荷は、すき間に電場を作ります。プラスの広い板だけなら、電場は板の両側に、板から離れる向きにできます。
197	32:28.59	第6章 マクスウェルが見つけた、足りない一つ	mx6-n-super	マイナスの板は逆に、両側から板へ向かう電場を作ります。重ね合わせると、間では同じ向きで強め合い、外側では同じ強さの逆向きで打ち消し合います。
198	32:38.85	第6章 マクスウェルが見つけた、足りない一つ	mx6-n-ideal	板の端や電線の近くには少し残るので、外側をゼロとみるのは、板が広くすき間が狭いときの理想化です。変化もゆっくりなので、各瞬間の電場は、止まった電荷と同じ形とみなします。
199	32:52.31	第6章 マクスウェルが見つけた、足りない一つ	mx6-n-gauss	すき間の電場の強さを、一つ目の式で調べます。左の板を、閉じた袋ですっぽり包みます。
200	32:58.55	第6章 マクスウェルが見つけた、足りない一つ	mx6-n-faces	袋の外側や側面を抜ける電場は、この理想化ではゼロとみなせます。残るのは、すき間側の面を外向きに抜ける電場だけです。
201	33:06.84	第6章 マクスウェルが見つけた、足りない一つ	mx6-n-q	その面を垂直につき抜ける電場 E かける面積 A が、この袋の電気束です。ガウスの法則の両辺にイプシロンゼロを掛けると、イプシロンゼロかける電気束が、板の電荷 Q に等しくなります。
202	33:19.90	第6章 マクスウェルが見つけた、足りない一つ	mx6-n-sign	ここで Q は左の板の電荷で、プラスにもマイナスにもなれる量です。電流 I は、この板へ流れ込む右向きを正とし、電気束も、すき間を右へ抜ける向きを正とします。
203	33:30.88	第6章 マクスウェルが見つけた、足りない一つ	mx6-n-rate	電荷は生まれも消えもしないので、この板の電荷が増えるのは、電線から流れ込んだ分だけです。だから、Δt の間の電荷の増え方を Δt で割ると、その間の平均の電流です。
204	33:42.55	第6章 マクスウェルが見つけた、足りない一つ	mx6-n-qt	Q かっこ t は、時刻 t での電荷という意味で、Q かける t ではありません。グラフでは、時刻 t での高さです。
205	33:49.88	第6章 マクスウェルが見つけた、足りない一つ	mx6-n-two	では、ガウスの法則から出た式を、時刻 t と、少し後の時刻 t+Δt の、二つの時刻で書きます。
206	33:57.36	第6章 マクスウェルが見つけた、足りない一つ	mx6-n-sub	上の式から下の式を引き、左側は共通のイプシロンゼロでくくります。両辺を Δt で割ると、右側は、さっきの平均の電流です。
207	34:07.52	第6章 マクスウェルが見つけた、足りない一つ	mx6-n-dt	Δt を短くしていくと、左側は電気束のその瞬間の変化の速さに、右側はその瞬間の電流になります。電流 I は、イプシロンゼロかける、電気束の変化の速さに等しいのです。
208	34:21.66	第6章 マクスウェルが見つけた、足りない一つ	mx6-n-equal	電線を通る膜では電流 I、すき間を通る膜では、イプシロンゼロかける電気束の変化の速さ。二つは、ぴったり同じ大きさです。
209	34:31.76	第6章 マクスウェルが見つけた、足りない一つ	mx6-n-replace	では、右辺の電流を、この電場の変化の項に置きかえればよいでしょうか。それでは今度は、電線を通る平らな膜で、答えがほぼゼロになってしまいます。
210	34:41.69	第6章 マクスウェルが見つけた、足りない一つ	mx6-n-sum	膜によっては、電流と電場の変化の両方が、同時につき抜けることもあります。そこで、二つを足した合計が、膜によらず同じになるかを調べます。
211	34:51.29	第6章 マクスウェルが見つけた、足りない一つ	mx6-n-cons	平らな膜とすき間の膜を合わせると、左の板を包む閉じた袋になります。袋に流れ込んだ電流の分だけ中の電荷が増え、その電荷は、ガウスの法則で袋の電気束と結ばれています。
212	35:03.33	第6章 マクスウェルが見つけた、足りない一つ	mx6-n-cancel	だから膜を取り替えると、電流の項が減った分を、電場の変化の項がちょうど補い、合計は膜によりません。使ったのは、電荷の保存とガウスの法則だけです。
213	35:14.93	第6章 マクスウェルが見つけた、足りない一つ	mx6-n-complete	そこでマクスウェルは、アンペールの法則の右辺に、ミューゼロかける、この項を足しました。これで、どの膜で数えても、右辺は同じになります。
214	35:25.31	第6章 マクスウェルが見つけた、足りない一つ	mx6-n-general	表の二つのゼロは、この理想化した回路での値です。一般には、どの膜でも、両方の項を数えて足します。
215	35:33.92	第6章 マクスウェルが見つけた、足りない一つ	mx6-n-check	ただし、これは食い違いをなくすという、理屈から出た予想です。のちにヘルツが、この項から予言される波を実験でとらえ、正しさが確かめられました。
216	35:45.25	第6章 マクスウェルが見つけた、足りない一つ	mx6-n-name	イプシロンゼロかける電気束の変化の速さは、この式で電流と同じ役割をするので、変位電流と呼ばれます。ただし、すき間を電子が渡るのではなく、そこにあるのは、変化する電場です。
217	35:58.24	第6章 マクスウェルが見つけた、足りない一つ	mx6-n-four	電場の変化も、磁場を作る。これで、四つの式がそろいました。
218	36:05.18	第6章 マクスウェルが見つけた、足りない一つ	mx6-n-to-wave	磁場の変化は電場を作り、電場の変化は磁場を作る。この二つがつながると、何が起きるでしょう。
219	36:14.69	第7章 光が生まれる	mx7-n-wire	電線に流す電流の向きと大きさを、くり返し変えてみます。電線そのものは、動かしません。
220	36:21.03	第7章 光が生まれる	mx7-n-chain	電流が変わると、まわりの磁場が変わります。その変化が電場を作り、電場の変化が、また磁場を作ります。
221	36:28.19	第7章 光が生まれる	mx7-n-schematic	ただし、この鎖の絵は、つながりを表す模式図です。本当は、電場と磁場は、同じ場所に同時にあります。
222	36:36.93	第7章 光が生まれる	mx7-n-delay	では、電線から離れた二つの地点で、電場を見張ります。電流を変えると、近い地点が先に、遠い地点は少し遅れて変わり始めます。
223	36:46.39	第7章 光が生まれる	mx7-n-goal	関係し合うというだけでは、遅れも速さも、まだ出てきません。そこで、三つ目と四つ目の式を同時に満たす、進む波の条件を計算で探します。
224	36:57.47	第7章 光が生まれる	mx7-n-dirs	ここからは、真空の中を右へ進む、平らな波を例にします。電場の矢印は、進む向きと直角な、上下の向きです。
225	37:05.92	第7章 光が生まれる	mx7-n-dirs2	磁場の矢印は、進む向きとも電場とも直角な、手前と奥の向き。三つの向きは、互いに直角です。
226	37:13.12	第7章 光が生まれる	mx7-n-point	この曲線は、粒の通り道ではありません。一つの場所に印を付けると、そこで電場と磁場が、一緒に伸び縮みしています。
227	37:21.21	第7章 光が生まれる	mx7-n-scale	ただし、電場と磁場は単位が違うので、矢印の長さが同じでも、同じ大きさという意味ではありません。直角で一緒に伸び縮みするのも、この一方向に進む波での話です。
228	37:33.71	第7章 光が生まれる	mx7-n-wave	波が進むのに、電線も空気も要りません。これが、電磁波です。
229	37:40.29	第7章 光が生まれる	mx7-n-front	では、電磁波の速さを計算します。場がある所とない所の境目が平らな面のまま進む、階段のような理想化した波で考えます。
230	37:48.97	第7章 光が生まれる	mx7-n-region	境目の後ろでは、電場は上向き、磁場は手前向きで、どこも同じ強さです。境目の前は、どちらもゼロで、境目は速さ v で進みます。
231	37:58.76	第7章 光が生まれる	mx7-n-whystep	場がどこも同じ強さなら、一周の足し算も、磁束や電気束も、ただの掛け算で求まります。しかも、境目の移動を、面積の増え方として測れます。
232	38:10.18	第7章 光が生まれる	mx7-n-loop	そこで、境目をまたぐ四角い道を置きます。これは電線ではなく、法則を使うために決めた、計算の道です。
233	38:17.60	第7章 光が生まれる	mx7-n-whyloop	この形を選んだのは、四つの辺のうち三つの辺の分をゼロにでき、残る一辺を、面積の増え方と結べるからです。道は動かさず、動くのは境目だけです。
234	38:29.25	第7章 光が生まれる	mx7-n-law3	使うのは三つ目の式です。道に沿う電場の一周の足し算が、道を縁とする面を貫く磁束の、変化の速さで決まります。
235	38:38.32	第7章 光が生まれる	mx7-n-normal	磁束を数えるには、面の正の向きを決めます。ここでは、磁場と同じ手前向きを正とするので、磁束はプラスで増えていきます。
236	38:46.60	第7章 光が生まれる	mx7-n-area	まず右辺です。境目が道の中を横切る間、Δt の間に v Δt 進むので、磁場が新しく入る面積は、道の高さ h かける v Δt です。
237	38:57.08	第7章 光が生まれる	mx7-n-flux	増えるのは、磁場の強さではなく、一様な磁場 B のある面積です。だから磁束の増加は B h v Δt で、Δt で割ると、1秒あたり B h v です。
238	39:08.84	第7章 光が生まれる	mx7-n-dir	次に左辺です。一周の向きは、面の正の向きに右手の親指を向けたとき、指の巻く向きと決めます。
239	39:15.81	第7章 光が生まれる	mx7-n-role	電流のまわりの磁場を求めた右手と形は同じですが、役割が違います。今は、面の向きと一周の向きの符号をそろえる約束で、手前向きなら左回りです。
240	39:27.46	第7章 光が生まれる	mx7-n-side1	右の辺は、境目より前にあります。まだ電場がないので、ここはゼロです。
241	39:32.51	第7章 光が生まれる	mx7-n-side2	上と下の辺では、電場が道と直角です。道に沿う成分がないので、ここもゼロです。
242	39:38.37	第7章 光が生まれる	mx7-n-side3	残るのは左の辺だけ。電場は上向き、道は下向きで逆なので、マイナス E かける h です。
243	39:44.73	第7章 光が生まれる	mx7-n-evb	式は、マイナス E h イコール マイナス B h v。両辺を同じ マイナス h で割ると、E イコール v B です。
244	39:52.28	第7章 光が生まれる	mx7-n-hfree	h は、こちらが決めた道の高さでした。それが消えたので、この関係は、選んだ高さ h によりません。
245	40:00.78	第7章 光が生まれる	mx7-n-diff	もう一つの関係は、四つ目の式から出します。波はそのままで、計算に使う道だけを、別の固定した道に選び直します。
246	40:10.09	第7章 光が生まれる	mx7-n-surf2	新しい道は、床のように横に寝た面の縁です。この面が見やすいよう、カメラを上に回して、見下ろす向きに変えます。
247	40:17.99	第7章 光が生まれる	mx7-n-normal2	この面を貫くのは、上向きの電場です。見下ろすと奥向きなので、面の正の向きも、この奥向きに決めます。
248	40:25.37	第7章 光が生まれる	mx7-n-top	境目が進むと、電場のある面積が増えます。道の幅を w とすると、電気束は1秒あたり E w v 増えます。
249	40:33.08	第7章 光が生まれる	mx7-n-dir2	右手の親指を奥に向けると、指の巻く向きは右回りです。だから今度の道は、右回りに一周します。
250	40:40.46	第7章 光が生まれる	mx7-n-along	右の辺と、上下の辺はゼロです。残る左の辺では、磁場も道も画面の上向きなので、プラス B かける w です。
251	40:48.61	第7章 光が生まれる	mx7-n-i0	電磁波を出した電線は、ずっと遠くにあります。今調べるのは、波が伝わってきた、電荷の流れのない場所なので、電流 I はゼロとします。
252	40:57.67	第7章 光が生まれる	mx7-n-bmve	だから、B w イコール ε₀μ₀ E v w。w で割ると、B イコール ε₀μ₀ v E です。
253	41:07.07	第7章 光が生まれる	mx7-n-combine	二つの関係を合わせます。目的は、まだ分からない E と B を消して、速さ v だけを求めることです。
254	41:13.69	第7章 光が生まれる	mx7-n-subst	まず、E イコール v B の B のところに、二つ目の関係の右辺を入れます。これで、B が消えました。
255	41:20.87	第7章 光が生まれる	mx7-n-predict	右辺にも E が出てきました。v の二乗がどうなるか、予想してみてください。
256	41:29.06	第7章 光が生まれる	mx7-n-v2	E はゼロではないので、両辺を E で割れます。すると、1 イコール ε₀μ₀ v の二乗です。
257	41:35.63	第7章 光が生まれる	mx7-n-v2b	次に、両辺を ε₀μ₀ で割ります。すると、v の二乗は、ε₀μ₀ 分の一です。
258	41:42.91	第7章 光が生まれる	mx7-n-efree	E が消えたので、波の速さは、波がどれだけ強いかによりません。弱い光も強い光も、同じ速さです。
259	41:51.87	第7章 光が生まれる	mx7-n-sqrt	欲しいのは、二乗する前の速さです。速さは正なので平方根をとり、v は、1 割る √(ε₀μ₀) です。
260	41:59.85	第7章 光が生まれる	mx7-n-sqrtnote	たとえば v の二乗が9なら、正の v は3です。同じように、正の数 a なら、a 分の一の平方根は、ルート a 分の一です。
261	42:10.05	第7章 光が生まれる	mx7-n-cards	式に残ったのは、電気と磁気を表す二つの定数だけです。どちらも、最初に見た二つの実験で決まる数です。
262	42:18.37	第7章 光が生まれる	mx7-n-values	電荷どうしに働く力を測ると、ε₀ は約8.85×10⁻¹² です。電流のまわりの磁場を測ると、μ₀ は約1.26×10⁻⁶ です。
263	42:30.47	第7章 光が生まれる	mx7-n-prod	ここからは電卓で計算します。二つを掛けると、約1.11×10⁻¹⁷ です。
264	42:36.83	第7章 光が生まれる	mx7-n-unit1	単位も確かめます。F は C 割る V、V は1 C あたりの仕事で N m 割る C、A は1秒あたりの C です。
265	42:45.94	第7章 光が生まれる	mx7-n-unit2	これを入れて掛けると、C と N が打ち消し合い、秒の二乗 割る メートルの二乗 が残ります。
266	42:53.02	第7章 光が生まれる	mx7-n-root	その平方根は、約3.34×10⁻⁹ 秒毎メートル。この波が1メートル進むのにかかる、秒数です。
267	43:01.15	第7章 光が生まれる	mx7-n-recip	逆数にすると、単位もひっくり返ってメートル毎秒、1秒で進む距離です。約3.00×10⁸ メートル毎秒、つまり秒速約30万キロです。
268	43:13.40	第7章 光が生まれる	mx7-n-match	これは、すでに測られていた光の速さと、測定の精度の範囲で一致します。別々に測った電気の数と磁気の数から、光の速さが出てきたのです。
269	43:26.03	第7章 光が生まれる	mx7-n-quote	マクスウェルは、光も電気や磁気と同じものの波だという結論は、ほとんど避けられない、と書き残しています。
270	43:34.37	第7章 光が生まれる	mx7-n-evidence	ただ、速さが同じというだけでは、同じものだという証明にはなりません。これは強い手がかりで、のちにヘルツが電磁波を実際につくり、光と同じ性質を持つことを確かめました。
271	43:46.68	第7章 光が生まれる	mx7-n-scope	また、今回計算したのは、階段形の平らな波です。なめらかな形の波も同じ速さで進みますが、それを示す計算は、この動画では扱いません。
272	44:00.47	第8章 もう一度、四つの式を読む	mx8-n-trace0	最初の謎を、短くたどり直します。使ったのは、電磁気の法則と、二つの実験で決まる二つの定数でした。
273	44:08.10	第8章 もう一度、四つの式を読む	mx8-n-trace1	コンデンサの矛盾を解くと、電場の変化も磁場を作る、という四つ目の式がそろいました。
274	44:13.56	第8章 もう一度、四つの式を読む	mx8-n-trace2	三つ目と四つ目の法則は、電場と磁場が結びついて伝わる波を説明します。その速さは、ε₀ と μ₀ だけで決まりました。
275	44:23.74	第8章 もう一度、四つの式を読む	mx8-n-quiz	では、確認です。この式が表しているのは、左と右の、どちらでしょう。
276	44:32.72	第8章 もう一度、四つの式を読む	mx8-n-quiz-ans	答えは左です。閉じた面を出る磁束と入る磁束の差がいつもゼロなので、N極だけの磁石は取り出せません。
277	44:41.31	第8章 もう一度、四つの式を読む	mx8-n-quiz2	もう一問。光の速さを求めるのに、なぜ三つ目の式だけでは足りなかったのでしょう。
278	44:50.34	第8章 もう一度、四つの式を読む	mx8-n-quiz2-ans	三つ目の式から出るのは、E イコール v B という一つの関係だけで、v は決まりません。電場の変化が磁場を作る、四つ目の関係も合わせて、初めて速さが求まりました。
279	45:02.73	第8章 もう一度、四つの式を読む	mx8-n-glass	最後に、次の問いです。ガラスの中では、光は真空より遅く進みます。
280	45:08.23	第8章 もう一度、四つの式を読む	mx8-n-glass2	ガラスの中の電荷が、光の電場に揺すられて応え、それが波の伝わり方を変えるからです。だから真空の式はそのまま使えず、詳しい計算は次回です。
281	45:18.40	第8章 もう一度、四つの式を読む	mx8-n-fronts	図の線は、波の山の位置を結んだ線、波面です。正面から入ると、波面の間隔がつまるだけで、光は曲がりません。
282	45:26.62	第8章 もう一度、四つの式を読む	mx8-n-bend	では、斜めに入った光は、なぜ曲がるのでしょう。これは今回は解かずに、次回に解く問いとします。
283	45:36.94	第8章 もう一度、四つの式を読む	mx8-n-end	電気と磁石の実験から、光の速さが出てくる。今日の謎は、四つの式で解けました。